,data,neg,neu,pos,compound
0,"Talking to Your Parents about Crypto - Hi everyone, dropping my first post here to get some advice on how best to discuss crypto with your parents. Appreciate any advice and would just like to say wow, what an awesome community to look through, amazing stuff!

Anyways...

For years I've been an avid crypto and bitcoin enthusiast, and I mostly keep to myself on the topic. I usually discuss it with my best friend and that's it. However, I am very close with my parents (both mid-60's), and from time to time I bring it up with them because it interests me quite a bit.

Well,  every time I talk with my parents about the topic, they mostly want to change the subject, and we don't get very far. Usually I'll bring up a topic like Bitcoin and basically the conversation nevers gets very far...no follow-up questions, dad brings up gold, mother in law calls it ""Bitecoin"",etc.  I'm sure many of you know what I'm talking about.

From all the recent news and my personal experience, there seems to be a large generational divide on the topic.

So basically, if anyone has had any success, what advice do you have, or resources have you shared with your parents/others to help bridge the generational crypto divide?

P.S. After having written this, it feels like a Dear Abby letter now.",0.0,0.782,0.218,0.9948
1,Robinhood hacker alert. This guy hacked my info and sold my investments under my average. Please be careful and make sure you are double checking your privacy settings. Attached is this losers ACH and Routing numbers. Have fun y‚Äôall!! - ,0.129,0.635,0.236,0.555
2,Institutional clients are pushing NYDIG and Fidelity to offer more ETH services - ,0.0,1.0,0.0,0.0
3,Layer-1 Platforms: A Framework for Comparison - ,0.0,1.0,0.0,0.0
4,"Warning about Fake Coins showing up in my trust wallet - Was checking my trust wallet since I found out about fake coins and noticed I had 3 in my trust wallet that I didn't know about.  Not sure how they found my trust wallet address but just wanted to warn others of these fake coins.  you can click on your token drop down menu after you enter your trust wallet address in BSC scan website. I've read you can't delete these coins and to just ignore them and not connect to these or you might get scammed.

[https://bscscan.com/](https://bscscan.com/)

Minereum BSC

TheEverio.io

[TheVeraio.io](https://TheVeraio.io)

You can check this site and revoke access if you are connected to wallets that you don't know about. 

[https://bscscan.com/tokenapprovalchecker](https://bscscan.com/tokenapprovalchecker)",0.133,0.775,0.092,-0.5968
5,"Explaining leverage and how scary, and profitable, it can be - A lot of people on this sub know about leverage and how bad it is for new investors, I'm not going to outright shame anyone for using 2x or 3x leverage, but I am going to give some statistics that may sway people to, or away from leverage investing.

&amp;#x200B;

I went ahead and made this easy, 2/19/21 I bought 1btc, I then leveraged it 1x, 10x, and 100x. (in real life I seriously doubt any credible place will give you 100x leverage ever, most places don't even do 30x anymore)

&amp;#x200B;

basically with this leverage, you have 30k\~, but you have the buying power of 300k, or 3 million. 

&amp;#x200B;

let's look at the statistics for this scenario we made up.

&amp;#x200B;

[1,10,100x leverage visual](https://preview.redd.it/etyqkb5v62h71.png?width=735&amp;format=png&amp;auto=webp&amp;s=1ab74033c5732354004804cbbb1ce8acca6759e2)

with the buying power of 30k, with 100x leverage currently, you would be at a net gain of nearly a million dollars.. that's pretty cool, right? ok but you also just bought in at the best time when bitcoin was rallying insanely. 

but what if you bought at the top of the bull run? **like an epic Redditor**

&amp;#x200B;

&amp;#x200B;

[value of 1 btc bought at 5\/11\/21 - 5\/26\/21. 1x leverage, 10x, 100x](https://preview.redd.it/s0lk1cm182h71.png?width=727&amp;format=png&amp;auto=webp&amp;s=fd15e67bf79ff4f1490e40bcc29877afc92b5060)

you will be liquidated if you lose the amount of money you had as collateral, or 2x of it. so if you had 50k, and you lose 100k, you would first off lose the initial 50k you had, and you would owe 50k more, plus any other liquidation fees. 

&amp;#x200B;

&amp;#x200B;

[1x,10x,100x leverage](https://preview.redd.it/kqml9r3r82h71.png?width=745&amp;format=png&amp;auto=webp&amp;s=672e0781eab621bca3804d2f1abd3ff061953c66)

&amp;#x200B;

In this instance, with 10x leverage, you would be liquidated in about 4-5 days. With 100x leverage, less than a day. it's not even on the graph.

&amp;#x200B;

leverage can be a nice tool for someone who truly knows shit about their investments. But the risks involved are so insane that if you do end up leverage trading it should most likely be only for 2-3x leverage, or you risk being liquidated too early before a massive bull run. This sub often defends new investors from making risky plays like day trading, investing in shitcoins, or leveraging, and I would say in this case it's fair to look at the negatives and point them out.",0.087,0.794,0.119,0.9541
6,"I am dying to an unknown illness (long) - 29 year old male here, I am taking damage over time and it's getting worse with everyday that goes by, I am dying slowly. I have to tell the truth here please believe me this is 100% true but no doctor cared when I told them the story and said I have to move on from the incident. 


8 years ago I was doing the things young adults do, drinking, smoking and what not. I was a virgin at the time and my friends told me about an escort website, and we just started talking about it and me being a virgin, I was semi interested but shrugged it off. One day me and my friends drank a lot and I was intoxicated, while being in this state and not having my mind, I decided to take the opportunity to experience something new and went onto the website.


I found an ad and decided to call her, I started regretting the action of calling her and try to cancel but it was already too late she came and knocked on my door. I opened the door and we went downstairs. She was Asian not sure what part but she was from overseas. This is where it happend, while being in a drunk state I remember her coughing every now and than, and she asked for tissues and she than proceeded to start blowing her nose. I was to drunk to release I can't go on with a sick escort, we kissed and did out thing and it was not even a good experience it was horrible. I woke up the next day with the biggest pain in my shoulder it was the weirdest sensation ever, I took a shower and something was very seriously wrong. Right Away I went to the doctor's I wore protection but did std tests nothing came out of it, did all the blood work and tests and nothing was wrong with me. After going through sepcialist after specialist I decided I am not getting anywhere and I stopped going.

The pain from my shoulder started to spread to my entire body over time, my muscles and tendons were getting tight, I was getting heat/cold sensations in my skin, I was getting electric pulses on my skin. Over time the illness spread into my head. All my head muscles are tight, my jaw is so tight and it's so hard to open it now and it clicks and pops and tears. I can hear my muscles and tendons in my head it's so tight. At the point I went to the hospital, nothing was wrong with me the tests were fine again, I tell them about the story but the doctors told me your tests are fine and nothing is wrong with you. I went to a heart specialist, did cat scans, x-rays, MRIs, nerve tests, rhematolgist, all gave different medicines but nothing worked. At this point I am exhausted and I just stopped going to the doctor

Years go by and it's getting worse with days, when you are getting worse and worse it's hard to do anything you have no energy, yes exercise helps but I am in agony and suffering, it's really hard to do. I have no more job, lost my health and I am seriously about to die I am not lying. Whatever this illness is it's trying to take my life with conviction. When you are in so much physical pain you end up with depression, along with this agony I am so sad and in despair all the time because of my illness, my chest feels like it's being taken over by darkness. 


I told my brother about my belongings because I am going to die soon to this illness, I went to a naturopath healer and he told me 30% of my energy is being used to pump bloodflow in my head, that's why it's so tight. I don't think my story has a happy ending im dead in the water. I never got to experience having a girlfriend, going to school and getting a good job and trying to make it in life, instead I contacted an unknown illness that I got from a sick escort and I have been slowly dying since. I have no friends because I have no energy to do anything, it's such a burden not to provide as a man I am living in my mom's basement with no job and a life threating illness, I am suffering 24/7, please don't throw random diagnoses at me, all I know what ever it is it's violent and demonic and is going to take my life.",0.205,0.725,0.07,-0.9992
7,"Is Binance down in asia - Hey there, 
i am experiencing that binance exchange is down in india, is this the case with everyone or only in india? 
It is down from past 2 hours and even the website is not working...
if anyone has some news plzzz share ...",0.0,0.957,0.043,0.296
8,Ghana: CBDC 'presents a great opportunity...' It‚Äôs season of Central bank digital cur... #All_Alt_Coin https://thecryptonewsweb.com/ghana-cbdc-presents-a-great-opportunity/?feed_id=24241&amp;_unique_id=61160294f274b - ,0.0,0.67,0.33,0.7845
9,"How can Real Estate benefit from the crypto - I've 20 years experience in the real estate market and 2 months in crypto.

There are already blockchain projects intending to bridge the real estate and the crypto.

Some of the befits are:

* Tokenization of real estate assets
* Process efficiency for underlying industry operations
* Reduced costs from process automation
* Access to global asset distribution
* Access to broader investor pools due to ownership fractionalization
* Access to secondary market opportunities
* Data accessibility to increase transparency and inform better investment decisions and portfolio management

I came across a [plot for sale in Portugal](https://www.green-acres.pt/en/properties/101247.htm) accepting payment in crypto. Maybe the first one in the country. And it costs less than half a BTC :)

The potential is huge.

How do you see the progress of the blockchain real estate projects in the future? Will it get real traction?",0.0,0.83,0.17,0.9765
10,"was linden dollars the original crypto? - What is the Linden Dollar?
A Linden dollar is a virtual currency used in the online world, Second Life; and named after the game's creator, Linden Lab. Users of the Second Life, known as residents, can pay real money, in U.S. dollars, to acquire Linden dollars. Because it can only be used inside of the Second Life platform, it is a closed-loop digital currency.

Linden dollars (L$) can be used to buy, sell, rent or trade virtual land, digital goods, and online services. Linden dollars can also be exchanged for U.S. dollars based on a floating rate. Linden Lab stops short of allowing this currency to be a full-fledged fiat currency or even a cryptocurrency.",0.027,0.955,0.018,0.168
11,"Nearly 32,000 tokens or $100 million ETH burned in a week after the EIP-1559 upgrade. - ",0.0,1.0,0.0,0.0
12,"This is a success story. Even if not Moons, Reddit should consider creating a crypto with monetary value. Trust seems at it's peak, people would back it. - ",0.0,0.674,0.326,0.891
13,It looks like other Reddit communities will be able to receive something similar to moons eventually - ,0.0,0.865,0.135,0.3612
14,"If Satoshi in his mind has some specific condition when he‚Äôll reveal his identity‚Ä¶what would those specific conditions or triggering event be? - He does prefer anonymity.

For me, that triggering event would be when he becomes Richest dude on the earth.
He holds 1 million btcs.

So, at certain price point that makes him richest dude, that event might be it.

But tbh, he‚Äôd prefer to stay anonymous as he knows how he‚Äôll be treated by authorities as he saw Dorian Nakamoto.

Most likely, he might swap to Monero or wrap his BTCs , mix ‚Äòem , and continue staying anonymous.",0.0,0.943,0.057,0.6059
15,"Just shat my pants - I dont know if anyone else on binance has been checking there mobile app in the last 3 or 4 hours, I did and watched all the coins I had in my earn wallet disappear.
They had given warning that they were updating the spot wallet but still I didn't expect that to happen.
Fuck me!!! Haha I think I have to transfer more to my actual wallet from now",0.105,0.847,0.048,-0.5826
16,"Someone just now tried to access my Coinbase account. Luckily 2FA was enabled so they couldn't get in and my account was locked. WHEW! SET UP 2FA NOW! - I just got an email that someone was trying to log into my account. ""OH FUCK OH FUCK!!"" so I try to log in and my password was not the same, or it wasn't working for whatever reason. So I had to reset my password using my email and 2FA with the Authy app. 

I was able to change my password as well see that all my funds were still there. Whew! So glad I turned 2FA on! It's kind of annoying to have to open my phone and type in a code every time I log in but damn, I don't know if I could forgive myself if I didn't have it on and someone stole my money. 

Turn 2FA on now, and don't use SMS. Use an Authenticator App. Stay safe guys.",0.06,0.862,0.077,0.4627
17,"The Bizarre Disappearance Of A Canadian Crypto CEO - The story of ""QuadrigaCX"" - This story is an amazing reason to make sure you keep yourself safe and remember to keep your keys safe and hodl off the exchange unless you really trust them with your money.

&gt; The Quadriga cryptocurrency exchange that saw millions of dollars disappear just as its founder died was a ""fraud"" and Ponzi scheme, according to the Ontario Securities Commission. ... Cotten died due to complications of Crohn's disease during his December 2018 honeymoon in India, where he was also opening an orphanage.

 check out [this](https://youtu.be/NMDZcbkgpJA) AMAZING video by coldfusion that explains the whole story in a very entertaining way.

Thankfully I pulled my crypto out of QuadrigaCX right away and didn't hold anything on there.

**Shoutout to all my Canadian crypto homies especially those from Vancouver!!!**",0.088,0.742,0.17,0.9344
18,Cardano - Do you think smart contracts on ADA will have a big impact (price)? seems like the hype already started since they said it should be available next month. Not sure if i should buy more on the next dump or wait till ADA will be dumped pre next fork.,0.124,0.787,0.089,-0.2644
19,Jack Dorsey (Twitter CEO) agrees that Twitter should have wallet on Lightning network and store NFTs - ,0.0,0.899,0.101,0.2023
20,"Anybody have any thoughts on the philosophical side of what crypto CAN be? - Twitter ceo jack Dorsey says crypto will bring world peace.

Is this because it allows the poorest to rise up from their national currency?.

What about making a stablecoin where the profits from transactions are funneled to various animal shelters around The world?",0.054,0.821,0.125,0.5484
21,"Yoooooo i invested all my pay for rent money . Do you think I can get them back double by the end of the month ? I took polygon , chiliz and ripple crypto . - So I‚Äôm in a **desperate situation** that I need money and all I had was my **rent money** . So I invested after talking to some friends that are active on crypto and I hope I ***double my investment at the end of the month*** . Do you think it is possible ? I think i Am on the right track. Please let me know if u think otherwise , you will literally save me from losing my money üí∞

[View Poll](https://www.reddit.com/poll/p3gy5a)",0.048,0.842,0.11,0.8504
22,"The Bizarre Disappearance Of A Canadian Crypto CEO - The story of ""QuadrigaCX"" - ",0.15,0.85,0.0,-0.3182
23,"Daily Breakdown - 12 August, 2021 - Bullish breakdown:

- Bitcoin price trades below $45,000 and analysts say the ‚Äúalmost uninterrupted run-up of the last two weeks‚Äù meant BTC was overdue for a slight correction. [source](https://cointelegraph.com/news/analysts-say-bitcoin-price-needed-a-breather-before-chasing-new-highs)

- Argentina Open to Adopting Bitcoin, Says President Alberto Fernandez. [source](https://decrypt.co/78424/argentina-open-adopting-bitcoin-president-alberto-fernandez)

- Iran‚Äôs tax authority wants to legalize crypto exchanges. [source](https://cointelegraph.com/news/iran-s-tax-authority-wants-to-legalize-crypto-exchanges)

- American Cinema Giant AMC Plans To Accept Bitcoin For Movie Tickets. [source](https://bitcoinist.com/american-cinema-giant-amc-plans-to-accept-bitcoin-for-movie-tickets/)

- Mexican billionaire Ricardo Salinas Pliego endorsed the use of Bitcoin and said his bank is on the way to accepting the cryptocurrency. [source](https://www.bloomberg.com/news/articles/2021-06-27/mexican-billionaire-says-his-bank-is-working-to-accept-bitcoin)

- Poly Network Hacker Returns Almost All of $611M Loot. [source](https://cryptobriefing.com/poly-network-hacker-returns-almost-all-of-611m-loot/)

- Venmo Credit Card Holders Can Now Buy Crypto With Cashback. [source](https://bitcoinist.com/venmo-credit-card-holders-can-now-buy-crypto-with-cashback/)


Bearish breakdown:

- Behavior analytics platform Santiment reveals that addresses with 100 to 10,000 BTC have significantly reduced their holdings. In the last four days alone, these whales sold over 40,000 BTC, worth roughly $2.07 billion.  [source](https://cryptobriefing.com/bitcoin-whales-book-profits-as-steep-correction-looms/)

- Coinbase Criticized for USDC‚Äôs Unclear Dollar Backing. [source](https://cryptobriefing.com/coinbase-criticized-for-usdcs-unclear-dollar-backing/)

- DAO Maker was exploited today. An attacker stole $7 million after discovering a smart contract vulnerability. [source](https://cryptobriefing.com/dao-maker-suffers-7-million-exploit/)

- Kevin O‚ÄôLeary: Bitcoin ETF Won‚Äôt be Approved Until at Least 2023. [source](https://blockworks.co/kevin-oleary-bitcoin-etf-wont-be-approved-until-at-least-2023/)

- Ripple v. SEC: U.S. Congressman Says Resolution Could Have ""Significant"" Ramifications for Crypto Market. (Alex Dovbnya, u today) 


With Bitcoin above 40k, there's a new air of optimism around. Above I've provided stories of optimism and pessimism - both sides of the coin. Long live the bulls!",0.065,0.828,0.107,0.8439
24,- and then put it into crypto to get $4000 - ,0.0,1.0,0.0,0.0
25,John McAfee was MURDERED! - ,0.576,0.424,0.0,-0.7525
26,"Who are Chainlink's direct competitors? - I don't understand the technology well enough, but it appears that there are a lot of interoperability projects like DOT, Cosmos, Router, and even ADA has a converter.


Which projects should be regarded as direct competitors to LINK, and how do they compare? Do you feel there will be one project that monopolizes interoperability, or can there be many players in the space once mass adoption and full launch occur?",0.033,0.901,0.066,0.3999
27,"Just wanted to share my ""98 Dogecar"" physical dogecoin signed by Josh Wise circa 2014 - ",0.0,0.725,0.275,0.6486
28,"What Is Staking Crypto &amp; How It Works - PoS vs. PoW (Guide) - The following guide explores what is staking crypto: what it is, what it entails, and why staking has become so popular: [What Is Staking Crypto? - Guide](https://www.oobit.com/blog/what-is-staking-crypto/)

The following aspects of staking are explained in more details:

* What Is Proof-of-Stake
* How Does Staking Work
* What Are Staking Pools
* Where To Stake Crypto To Earn Rewards",0.0,0.914,0.086,0.7728
29,this dogecoin poker site I played on in 2014 had 300k dogecoin freerolls every hour. - ,0.0,0.862,0.138,0.34
30,What‚Äôs your desire? - ,0.0,0.526,0.474,0.4019
31,"the dogecoin poker site I used to play on in 2014 had ""300k dogecoin freerolls"" every hour. - ",0.0,0.876,0.124,0.34
32,"Centralized Contracts can change at anytime for any reason, and delete your account. Decentralized Contracts would never do that to you. - We all sign an agreement to enter. 

Nestled at the bottom is

*and one more thing, we have full rights to change this contract at any time for no reason without notice , and delete your account* 

It's even worse If it's high interest loans.

Defi can Nail you hard, but at least it's clean cut all in one shot.  Debt can slowly strangle you until you can no longer breath.   Like college debt. 


Decentralized Cryptocurrencies  , Smart Contracts, DEX, and tokenized shares are the way to go for investment.   

Pay your tax, but don't freelance your mind out to centralized information hoarding conglomerates just to get nothing in return.

Play the Dex.  Keep it clean.  Only the tax man needs to know how much you have...not these other entities who play GOD",0.125,0.728,0.148,0.8107
33,Cardano just passed USDT as the 3rd highest marketcap crypto. - On CoinGecko Cardano just passed USDT as the 3rd highest ranking crypto. It‚Äôs truly a wild day for Cardano lovers. I know we have people who love and hate cardano on here. But I think we can all agree that it‚Äôs good to move USDT down that marketcap list.,0.033,0.769,0.197,0.8885
34,NANO ($XNO): 210x in 36 Days - ,0.0,1.0,0.0,0.0
35,"Lionel Messi was paid millions of Euro in a cryptocurrency as part of his new contract - Part of football player Lionel Messi's signing on fee at Paris St Germain was millions of euros worth of the French club's cryptocurrency fan tokens.

Messi left Spanish side Barcelona and signed a two-year contract with Qatari-owned Paris St Germain (PSG), with an option for a third year, on  Tuesday.

PSG said on Thursday  the tokens were included in his ""welcome package,"" which media reports  have estimated at 25-30 million euros ($29-35 million). The club did not  disclose the proportion of tokens in the package, but said the amount  was ""significant"".

Fan tokens are a type of cryptocurrency that allow holders to vote on mostly minor decisions related to their clubs. Among clubs to launch  tokens this year are English Premier League champions Manchester City  and Italy's AC Milan. Messi's former club Barcelona launched one last  year.

The tokens are increasingly seen by clubs as a source of new  revenue and Socios.com, which provide the tokens for PSG and other top clubs, says tokens have generated nearly $200 million for its partner  clubs in 2021, with PSG already seeing revenue from the Messi deal.",0.0,0.901,0.099,0.9528
36,"Bitcoin and Ethereum Try to Recover, ADA Nears $2 - ",0.0,1.0,0.0,0.0
37,"Just shat my pants - I dont know if anyone else on binance has been checking there mobile app in the last 3 or 4 hours, I did and watched all the coins I had in my earn wallet disappear.
They had given warning that they were updating the spot wallet but still I didn't expect that to happen.
Fuck me!!! Haha I think I have to transfer more to my actual wallet from now",0.105,0.847,0.048,-0.5826
38,Get Your Nexo Card Earlier - ,0.0,1.0,0.0,0.0
39,Exodus adds support for CHZ and the FOX airdrop - ,0.0,0.769,0.231,0.4019
40,"The new video is out! ""How Ethereum Classic ETC‚òòÔ∏è Will Rise to $1,000 in 2021, $8,700 in 2025, and $33,000 in 2029"" Watch here: - ",0.0,1.0,0.0,0.0
41,Titan Unveils Actively Managed Crypto Investment Products for US Investors Titan mobile investment platform has la... #Actively #Crypto #Investment #investors #Managed #Products #TITAN #Unveils #Blockchain https://thecryptonewsweb.com/titan-unveils-actively-managed-crypto-investment-products-... - ,0.0,0.845,0.155,0.5574
42,Exodus adds support for CHZ and the FOX airdrop - ,0.0,0.769,0.231,0.4019
43,[Nostalgia] Watching bitcoin hit $100 live - ,0.0,1.0,0.0,0.0
44,"Well, I finally took some profit to get myself something that'll help me make more money to buy more Crypto. - ",0.0,0.7,0.3,0.7717
45,"Charting and crypto, a guessing game? - A friend of mine, who has been in the crypto game since 2017, has begon making charts. He explained that from his point of view, he can make Someren good buy orders or sell orders because of the charts. 

When I think about it, to me, charting feels like a guessing game.
If though you follow specific theories or think about resistance points, you don't actually know if a specific point is resistance or a theorie could work in crypto.",0.0,0.907,0.093,0.8225
46,Global Blockchain Telehealth Network Expands to Latin American with Appointment of Salud Blockchain as GTHE Distributor - ,0.0,0.92,0.08,0.1027
47,"Schiff vs. Wall Street - Schiff just stated in a video with Pomp that Gold has NOT underperformed the last 10+ years but that it's a ""victim"" to people not needing/using it as a hedge. So his acclaimed asset isn't even needed to paraphrase.This was a discussion involving BTC and he just dug himself deeper with the comments he made. MUST WATCH video! Live chat below!",0.037,0.903,0.06,0.3776
48,"Cryptos with the least max supply - Hi all

So Bitcoin has a max supply of 21 million coins and then there is no way of mining any more coins. In the crypto world, that's a very low number of supply given that there are many coins with billions or trillions of max supply. 

I was wondering how to find out which other coins have a very low number of max supply? Is there a website where I can look that up?",0.084,0.88,0.036,-0.6357
49,"Which is the safest, non-exchange way of stacking ETH? - Title. I currently have some ETH staked on Binance. It‚Äôs pretty easy, but I was wondering if there‚Äôs a way to get it out of binance to stake on non exchange.

I was thinking of getting a Trezor wallet. Can I hold my ETH there and stake as well?

Thank you in advance.",0.0,0.84,0.16,0.8426
50,A list of bitcoin startups in 2014 - how many are still around now? - ,0.0,1.0,0.0,0.0
51,"SEC Chairman's Latest Crypto Move Will Hurt American Innovation, Rep. Patrick McHenry Says - ",0.189,0.667,0.144,-0.2023
52,"What % of your portfolio do you keep on a defi earning interest for you? - I‚Äôve been hearing cool things about defi for a long time and I‚Äôm curious how much of your portfolio you‚Äôd be comfortable throwing into a liquidity pool. I heard 20-30% is a relatively safe amount, unfortunately all my ETH is locked up so until I buy more I can‚Äôt join a liquidity pool. Celsius and blockFi sound like great places to start.

Also I‚Äôm curious what coins are yielding the highest returns on these platforms.",0.022,0.746,0.232,0.9673
53,Btc - ,0.0,1.0,0.0,0.0
54,"Which young and practical coins are you eyeballing? What resources do you use to learn about these new projects? - What are the youngish, developing projects that have real world practical uses? I‚Äôm talking about projects like Cardano and Ethereum that have real world value and application. 

Where do you learn about these projects and how can I keep myself more informed and find out what projects are coming out in the horizon? 

I‚Äôm semi new to crypto, but lack no motivation to learn. Just want some resources where I can learn about cutting edge stuff.",0.08,0.873,0.048,-0.6501
55,"Pattern im seeing on NFTs, they are released, people with big accounts on twitter like/retweet/comment about them, others go and ape into them. - After the success of Crypto Punks then another one called Bored Ape Yacht Club starting to rise, now there are some 24px cats rising, some Penguins also, Gravel, Rocks, and more and more...

I do follow 200+ accounts on twitter, all related to crypto, some devs, some designers, or other key people to cryptoprojects, some influencers or traders. And these past weeks i have been seeing new projects, or old projects that are recently ""discovered"" that are exploding, for example 10 days ago i saw some of these accounts writing about [https://etherrock.com/](https://etherrock.com/) , i enter the page and only 90 rocks have been minted -max amount of rocks are 100-, they were like 10 left, and to mint them they cost 9eth at that time... I sent it to my friends group and was like wtf look this, people are paying a lot for rocks! It has been there since 2017 and no one was minting them, but sudenly after some minutes, and some shilling of big accounts, they were aaaaall minted, and prices started to surge that now the cheapest rock is near 70 ETH!!! 

I have seen the same with Pudgy Penguin, price was like 0.0x ETH , some accounts started shilling, they started putting the photo in their profile, and the price sudenly started rising. It was something that was also already in there, people werent buying until the shilling started, now the floor price is above 1 ETH, from less than 2k owners now that they started selling their bags, its at more than 4k owners.

I have been here for a couple of years, i follow devs and others for some time and its the first time i see this, maybe some of them really buy them because they like it, and the NFT culture, but seems little bit off and weird, they are the same that critiquize Elon for pumping doge time ago, and now i feel they are doing the same.

Idk if you are also active on twitter or other spaces and have also noticed this, plz comment.",0.027,0.92,0.053,0.9048
56,Cardano owner wants a rally in Washington D.C. in support of crypto! - ,0.0,0.8,0.2,0.4574
57,"Did moons just hit $0.71 ? - Basically the title. I opened my crypto tracking app and saw that moons hit $.71. Decided to check Reddit and it was totally quiet. Based on recent threads, I would have assumed otherwise. Is anyone else seeing this? Coinmarketcap and coingecko are both still showing ~$0.25.",0.0,1.0,0.0,0.0
58,Someone Pump the price of Moon to $0.71 on Uniswap - ,0.0,1.0,0.0,0.0
59,President of Argentina open to Bitcoin and a CBDC but central bank says no - ,0.167,0.833,0.0,-0.4215
60,The next generation of Australian investors is backing green energy and crypto - ,0.0,0.775,0.225,0.296
61,"Binance exchange is down, market is frozen at a key BTC support level. Pump or dump when it opens back up? - As per the title, BTC is locked at a key support level while Binance, the world's largest crypto exchange is down for maintenance. Clear market manipulation at a key moment in chart activity. It was about to assumably dump, now we're suspended in hyperspace for the next few hours.

When the exchange funds unlock in a few hours, will people panic sell? Will BTC pump before then? Or will it dump while North America is asleep?",0.152,0.778,0.07,-0.8541
62,Someone pumped the price of moon to $0.71 on uniswap - ,0.0,1.0,0.0,0.0
63,Did Moons just hit $0.71 ? - ,0.0,1.0,0.0,0.0
64,The consequences of Bitcoin (BTC) issuance at zero are sooner than you think - ,0.0,1.0,0.0,0.0
65,Chainlink launches data oracles on Arbitrum One's Ethereum scaling solution - ,0.0,0.813,0.187,0.3182
66,CoinDCX Becomes India's First Crypto Unicorn As Doubts On Virtual Currencies Remain - ,0.155,0.845,0.0,-0.296
67,Why is the price when purchasing always higher then the listing? - I realize that in half a minute the price can fluctuate but there are times I purchase the coin and then look back at the price listing chart and it never hit the price I bought at. Sometimes its off by a decent amount. This happens almost all the times on Coinbase. Is this normal? Its not like I'm buying a huge amount that would move the price.,0.032,0.929,0.039,0.1643
68,"The most unpopular opinion you‚Äôll see on this sub: XMR is what satoshi imagined Bitcoin to be. - Satoshi was quoted in a post from august 13 2010 saying ‚Äúwhen paying to a Bitcoin address, you would generate a new blinded key for each use‚Äù. This was implemented into Monero but never Bitcoin. Many of the things he wanted Bitcoin to be never happened. Bitcoin is and I say this will full confidence a PUBLIC BANK ACCOUNT. Here‚Äôs an example, Walmart accepts Bitcoin, once you pay them they have access to all your previous transactions, how much you have and can black list you if they were to find out you donated to, or supported something they didn‚Äôt approve of. A public bank account is especially dangerous for p2p, let‚Äôs say you pay someone and they have the ability to see how much you have and previous transactions, this is dangerous for 3rd world countries that aren‚Äôt as safe as America where if people know how much you have, it won‚Äôt become an if but a WHEN you will get set up. Bitcoin is like shitting in a stall without a door. Monero has low fees, scalability, cpu mining which prevents centralization. What I‚Äôm about to say will piss a lot of people off.

There are currently 17,972,099.69 (as of block 2425955) XMR in circulation. All of them were given to miners to incentivize them to keep supporting the network. 
Unlike Bitcoin's block rewards Monero's block rewards will never drop to zero. Instead, they will gradually decrease until tail emission commences at the end of May 2022. At this point, rewards will be fixed at 0.6 XMR per block. Approximately 432 XMR will be created per day. 
Miners need an incentive to mine. Because of the dynamic blocksize, competition between miners will cause fees to decrease. If mining is not profitable due to a high cost and low reward, miners lose their incentive and will stop mining, reducing the security of the network. Tail emission ensures that a dynamic block size and fee market can develop",0.129,0.721,0.15,0.8727
69,"Not every downvote is a coordinated attack to silence you. Sometimes your post just sucks. - The amount of ""What if x happened?"" or ""WiLl ThErE AlWaYs Be BiTCoiN MaNiPulAtiOn"" posts I've seen lately have made me want to leave the sub just so I don't see those on my homepage. 

If you don't have anything valuable to add to the conversation, please stop.",0.188,0.763,0.049,-0.8463
70,"Crypto believers want to know: What‚Äôs the carbon footprint of the US military? - Hello and good morning, here is an article from the financial Times that I found interesting. I didn't link it due to the possible paywall. Good reading, and have a nice day!

First, the obvious: Bitcoin mining uses a lot of electricity, so it‚Äôs bad for the environment. Anyone who claims otherwise is an ideologue or a fool. Arguing that mining drives investment in renewables, while true, is disingenuous, because all power consumption does. There are nuances to this debate, but none change the fact that Bitcoin has a significant carbon footprint.¬† 

But so do a lot of things, especially when measured in aggregate. Tellingly, none are as controversial. What‚Äôs the carbon footprint of air conditioning? The US uses more power for that than the UK does in total, yet there is no shortage of crypto critics waxing poetic about boiling oceans from their comfortably cool offices. Every kind of human activity impacts the environment. Deciding which ones are worthwhile requires an objective cost-benefit analysis and comparison to similar activities. Bitcoin mining is rather unique, but for the sake of argument, let‚Äôs compare it to the US military. 

Like Bitcoin, the US military uses more energy than entire countries. Also like Bitcoin, a big reason why is to secure the purchasing power of a currency, in this case the dollar. But unlike Bitcoin, the military does this in a roundabout way, protecting unsavoury regimes and dropping the occasional bomb. It‚Äôs no coincidence that the petrodollar arrangement that turned the Middle East into America‚Äôs backyard was born right after the fall of Bretton Woods. Dollars no longer protected by bullion had to be backed with energy security, empowering oil-producing states which now became the de facto minters of the global reserve currency. 

The relationship between money and power is almost as old as money itself, with those issuing the former utilising the latter to ensure adoption. Even the most peaceful nations force their citizens to pay taxes in the local currency. Bitcoin‚Äôs clever contribution is to make this previously implicit relationship explicit. People trust its coins because they require a lot of power to produce. 

The ESG case for crypto starts with the recognition that the power consumption of mining is a feature, a crucial component of a novel security mechanism that achieves something remarkable: a global monetary system that is independent of any corporation or government, and strictly opt-in. There are no legal tender laws or naval fleets that force people to trust Bitcoin. And yet, hundreds of millions do, perhaps for that very reason. That trust wouldn‚Äôt exist if running the network wasn‚Äôt hard and creating new coins wasn‚Äôt expensive. Human beings don‚Äôt value things that aren‚Äôt hard to make. That‚Äôs why a hand-assembled automatic Swiss watch costs a thousand times more than a machine-made quartz one ‚Äî despite the latter being better at telling time. 

The environmental cost of mining is further made up for by the resulting social benefits, money that‚Äôs opt-in has its perks. Crypto has no coercion. It uses transparency, math and economic incentives to build trust where it wouldn‚Äôt otherwise exist. Crypto is meritocratic. Anyone can do anything ‚Äî from mining it, to using it, to saving it. Like Lady Justice herself, crypto is blind. It doesn‚Äôt care (or even know about) anyone‚Äôs nationality, race, age, gender or immigration status. It‚Äôs the first electronic payment system available to everyone, from undocumented workers in western countries to women in Islamist ones.

These features are needed now more than ever, thanks to the tragic failures of the traditional monetary system. Not in terms of debasement and inflation ‚Äî though that may come later ‚Äî but in terms of access. Over one and a half billion unbanked globally, most of them poor, undocumented, minority and innocent. That last adjective is important, because the exclusionary nature of our existing financial system is no accident. It is a direct consequence of a system built on a presumption of guilt.¬† 

As proof, consider the simple fact that opening up a bank account is more intrusive than having open-heart surgery. Most industries operate on a presumption of innocence. They accept anyone as a customer, then kick out bad actors. Banking, as dictated by government regulation, works on the opposite principle. Everyone is a potential terrorist or money launderer until they prove otherwise. 

This presumption of guilt is a minor nuisance for the affluent, but an existential threat to the underprivileged. It‚Äôs one reason why poor neighbourhoods feature more pseudo-financial services like check cashers than bank branches, even in rich countries. Laws and regulations make it too hard or expensive for banks to serve these communities. Money that‚Äôs issued by a government must play by its rules, however overbearing or unfair they might be. 

Thanks to being decentralised and opt-in, crypto operates on a presumption of innocence. In theory, anyone can open a wallet, acquire some money and make payments, until they do something wrong. (Though conventional regulation has impeded this principle as it has come to impose itself on crypto). Nonetheless, as unusual as this approach sounds, it happens to be how cash has worked forever. Paper money doesn‚Äôt discriminate the way financial providers do. 

Sceptics argue that a financial system as open to undocumented Salvadoreans as affluent Americans is bound to be taken over by criminal activity. The inherent racism and classism of this argument aside, it fails a basic smell test. Despite its exclusionary tendencies, the existing system still enables a shocking amount of illicit activity. Global banks paid more in fines last year than the bad guys moved in bitcoins. Ransomware attacks like the Colonial Pipeline one might get all the attention, but credit card and wire fraud cost businesses a thousand times more. And that‚Äôs without mentioning Wirecard, the German Fintech that was famously exposed by the FT as a multibillion-dollar fraud.¬† 

Power corrupts, and the ability to issue a currency then control its movement is the ultimate power. Put differently, the SWIFT message is mightier than the sword. The US has not invaded Iran or Venezuela, but crippled both countries with sanctions. Anyone concerned about the ESG impact of crypto should contemplate the social impact of policies that punish ordinary people for the crimes of the government that they are the greatest victims of.¬† 

Crypto is by no means the cure-all that some claim, but it offers a check on the growing money madness. Populist politicians, overly zealous regulators, and trigger-happy central bankers ‚Äî all of whom protect the increasingly problematic status quo ‚Äî will now have to grapple with the presence of an egalitarian alternative. It‚Äôs not that everyone will eventually switch to crypto as their preferred type of money. It‚Äôs that the mere threat of doing so will keep the stewards of the traditional system honest. Whatever the environmental cost of this optionality, it is more than made up for by the social and governance benefits.¬†",0.112,0.754,0.134,0.9805
71,"Take a moment to share our love and support for those about to do it really tough - I just wanted to take a moment to share my love and support for all the Cardano haters out there. The last 12 months have been on all of your terms no doubt, but all good things must come to an end. 

Cardano is about to have its shining light moment. Let us enjoy this as we have tried to let you all enjoy it ;) 

Take it in turns it‚Äôs only fair, let us have this one.",0.03,0.701,0.269,0.9774
72,"Are Apple, Amazon and Tesla going to invest in Idiotcoin? -  

https://preview.redd.it/1ol141epy1h71.jpg?width=1024&amp;format=pjpg&amp;auto=webp&amp;s=14d12c67b26734728cd5b42d11be706d438f2404

**Large holders of Idiotcoins held a meeting to discuss the further investment strategy for the development of the cryptocurrency. The meeting was held online, in particular due to the Covid-19 pandemic.**

Major market players discussed issues related to brand development and increasing the liquidity of the crypto coin. The meeting was held at the site of the **Telegram channel** in compliance with all norms of social distancing.

The **new cryptocurrency** has rapidly gained popularity, and over the past 24 hours the number of its adherents has approached 500 people. Thus, the question arose about the further development of the brand. In the chat of idiots (as they call themselves), heated discussions began, and, despite the statement of the administrator, who claimed that he had created the coin solely for an experiment and was not pursuing attempts at enrichment, the rest of the idiots did not consider this statement sincere, although in itself an attempt to dodge from falling into the hands of wealth looks pretty idiotic, and therefore believable. After this statement by the creator of Idiotcoin, the coin‚Äôs quotes fell by several points. However, since the author of the coin later practically stayed away from the discussion, the number of idiotic ideas began to grow in arithmetic progression and the value of the coin on the crypto exchange quickly recovered and continued to grow further.

Summing up the results of a lengthy brainstorming session (if such a definition is generally appropriate for the communication of idiots), then several promising areas should be noted.

An idiotic claim has been made that idiotcoin is making history and needs to be immortalized with the release of the NTF. One of the major holders of the cryptocurrency said that he himself would acquire these dubious digital art objects and hang them on the wall at home as a commemorative sign. He also expressed the hope that the rest of the idiots will follow his example. Despite the fact that this idea is idiotic, or rather, as a result of this, such a proposal aroused great joy in the rest of the community.

No less idiotic is the proposal to attract tech giants as investors ‚Äì Tesla, Apple, Amazon and others. Thus, idiots will receive investment, and investors will receive a humane way of influencing their workers. Indeed, in recent years it has become very difficult to influence negligent employees with the help of disciplinary actions. The number of lawsuits against employers is steadily growing, and trade unions do not allow managers to sleep peacefully. Rewarding a bad employee with idiotcoins is an opportunity for the employer to humanely and politically correctly express their opinion about the employee‚Äôs mental abilities. It turns out that this is a very affordable way to improve discipline and productivity in the company. Moreover, if such a measure does not take effect and the employee has to be fired, then the idiotcoin will serve him as an excellent severance pay.

&amp;#x200B;

https://preview.redd.it/k8nd4mgoy1h71.jpg?width=633&amp;format=pjpg&amp;auto=webp&amp;s=80e3a08a921a8452485bb2eb62a38015e468315a

Meanwhile, while there was a discussion of growth strategies, one of the major participants quietly sold cryptocurrency for about $ 450. This massive dumping of assets triggered the largest drop in the coin‚Äôs value of 30% in history. This became an unambiguous signal that this cryptocurrency is unreliable, and sane people should get rid of it immediately. It is not surprising that the idiots did not understand the signal, and if they did, they considered it a stress test and none of the idiotcoins‚Äô holders began to get rid of their assets. On the contrary, idiots began to buy coins even more actively, and, probably, within a day, the idiotcoin will again renew its value record.  
Summarizing the above, in the near future we should expect the appearance of idiotic art objects on the NFT market. As for the reaction of tech giants to the intentions of idiotkon holders, official information has not yet been reported. Nevertheless, on the sidelines, they say that such cooperation is quite possible if the average number of idiots in these companies is not much lower than the world average.",0.062,0.828,0.11,0.9834
73,"Youtube Scams - These will probably be taken down when you see it but these channels saying eth will reach ""example"" per year have been stealing a lot of money from people. The videos are years old and pretend to be live streaming with chat disabled.

https://www.youtube.com/watch?v=0LZJ8Z0jWbE
https://www.youtube.com/watch?v=xW4S5T-EDaY

This is just what one has already stolen
https://etherscan.io/address/0xE3C00d2614E4DCC1007824672d76BB0A115113eF

it's the classic send 2 eth get 4 back

and for btc:

https://etherscan.io/address/0xE3C00d2614E4DCC1007824672d76BB0A115113eF

these are all over youtube and somehow people keep falling for them.",0.168,0.819,0.012,-0.9378
74,"The future of payments will be BTC on lightning and stablecoins on Eth 2.0. Explanation inside. Change my mind. - **Author's Preface:** I own bitcoin and eth and a few DeFi coins. Telling someone, ""Use my coin, it is an actual digital currency."" is ideological or misleading. It's comparable to telling people, ""Hey guys if we want to save the planet we all have to eat vegan."" (this statement is not untrue but it only addresses one of many environmental problems on earth). It is also comparable to Elizabeth Holme's enticing people to invest in her company while it was preparing to go under. I'll address this point first.                    

Bitcoin leads the market in terms of price action. Sure Eth hit 4,000 USD last time BTC was above 50k, but where did Eth go after Btc started its downward trajectory? And just where did all of those altcoins go to with price action? Has BCH broken its all time high of $3,300 USD? Has Nano broken its previous ATH of 35 USD?                      

We can point the finger and say, ""My altcoin isn't doing well for this reason or this reason"" or we can simply come to a simple form of consensus: Big financial institutions, small nation states, and some American political figures are endorsing bitcoin and only bitcoin and your altcoin is not as secure as bitcoin. Oh and bitcoin is now a functional medium of exchange thank to the lightning network.                  

Placing bitcoin on lightning to the side, I see Eth 2.0 making stablecoins in to a scalable form of digital payments. Why? There will always be poepe who think, ""I like my USD better. I'll just take it in digital format, thanks."" Complementing that statement, all major financial institutions are at least *exploring* the idea of making their own stablecoins. They are hiring solidity devs and solidity devs are people who can code Ethereum smart contracts.",0.053,0.875,0.072,0.7532
75,"Crypto podcast? - I need a good crypto podcast. But all of the ones I see look fake. Like it‚Äôs a advertorial for some alt coin backers. I need something real. Unbiased, and it‚Äôs not dumbed down. Any recommendations? I just need some form of passive entertainment on the subject. At the same time, omitting all the bs...",0.075,0.725,0.199,0.8278
76,"The Term ""Ape"" holds Truth. In this sub, we are Sewer Rats. - That's how we breed new users.  Like Sewer Rats.  

They just pour in for r/CC's future potential.
When u/GuyCoinBureau made a post here that was pinned, I can see them darting towards this sub like field Mice through my binoculars. 

So I just stayed away.  Him coming to this sub was WONDERFUL. I liked it! but it was like someone poured a Hot Home Depot bucket of Freshly made Macaroni &amp; Cheese into a sewage tunnel.    You can hear the squeaking getting closer and louder by the second.

Now you have mice coming in by Cargo fleets from all over the world.

  STOP ACTING LIKE MICE!",0.029,0.836,0.135,0.9011
77,"Is USDC really a safe alternative for USDT ? - I see a lot of red flags for Tether stable coin. 
It doesn‚Äôt really backed up by anything, appearing from air  and my crash very soon. The other option for stable coin  is USD coin.

But is USDC really a safe alternative and why ?",0.03,0.791,0.179,0.8054
78,"After lots of struggling, I was finally able to get my online store to accept crypto!! - ",0.161,0.715,0.124,-0.1984
79,"Once Bitcoin‚Äôs Taproot Upgrade is Implemented, How Will it Compare to Ethereum? - I am someone who is big on Ethereum, and I recently began reading about Bitcoin‚Äôs taproot upgrade. In essence, it  sounds like it will give Bitcoin a lot of the same functionality Ethereum boasts about now.

Will that undercut Ethereum, or will the technologies still be fairly different in some way? 

Would love to learn more about the tech and hear what people think.",0.0,0.914,0.086,0.7941
80,"Digital asset that owns fractional physical real-estate. - I really don't know how to articulate this with out just going on and on in a long post for a white paper I haven't wrote yet so I will try to just give the thesis. 

""A coin that allowed users to buy and stake in to liquid pools that are used to purchase physical real-estate. Incentive being rewards of locked purchase pools that are rewarded back to the user to either sell or add to new pools. Everything autonomous and ran with defi and smart contracts.""",0.0,0.865,0.135,0.9186
81,"Just did my 3rd donation through Monero, and honestly.. It feels amazing :) - ",0.0,0.529,0.471,0.8689
82,What Is Decentralized Exchange (DEX) and How Does DEX Work? - ,0.0,1.0,0.0,0.0
83,"ADA is about to cross $2 - For those who haven‚Äôt heard, Cardano is set to announce their smart contract release date tomorrow. I know people have been shitposting about this forever, but it looks like it‚Äôs finally happening.

ADA is still $1 under their ATH, so plenty of time to get in!",0.0,0.904,0.096,0.6588
84,"Is ETH still a good buy? - Hi all, I‚Äôm pretty new to crypto currencies and still trying to learn the basics. When researching a specific coin, what would one generally look at for indicators of growth? I apologize in advance if this is a dumb question, still very new to this. I‚Äôve got some money to invest, and keep seeing a lot about ETH here. Seems like that‚Äôs the current big thing, but I don‚Äôt have any idea what to look for.",0.024,0.872,0.104,0.6136
85,"French fund manager to launch first EU-regulated bitcoin tracker -  A French asset manager is set to launch an EU-regulated fund that closely tracks the price of bitcoin, marking one of the first times that investors will be able to access the hyper-volatile asset through mutual funds across the bloc.  

Paris-based Melanion Capital, a derivatives and computer-driven fund manager that has been expanding into digital assets, has recently received approval from the French regulator to launch an exchange traded fund that complies with the EU standards known as Ucits.  

The fund will track a basket of up to 30 stocks in sectors such as cryptocurrency mining and blockchain technology, which Melanion says is up to 90 per cent correlated to the price of bitcoin.  

The launch highlights how fund firms are becoming increasingly creative in the face of financial regulators who are often sceptical or slow-moving when it comes to the fast-evolving world of digital assets.  

‚ÄúI haven‚Äôt seen any funds launched yet that are focused on digital assets under the Ucits umbrella,‚Äù said Winston Penhall, a funds lawyer at Keystone Law in London. How regulators view bitcoin and other cryptocurrencies is ‚Äúall somewhat up in the air‚Äù, he added.  

Ucits funds, which are sold across the EU and are also popular in Asia and Latin America, are seen as an international gold standard of fund regulation. They form the bulk of European mutual funds and offer high levels of investor protections. But their rules were first established more than 30 years ago and do not directly address cryptocurrencies like bitcoin.  

Most national regulators interpret the rules to mean digital assets cannot be directly held in funds, unless they are linked to listed securities. That makes it almost impossible to launch a Ucits fund investing predominantly in bitcoin that can be sold across the bloc and come with safeguards for consumers.  

‚ÄúMost pipes of the traditional financial system stop at access to bitcoin,‚Äù said Melanion CEO Jad Comair. ‚ÄúThe ETF was a real challenge because of the sensibilities and politics currently surrounding bitcoin and bitcoin investing.‚Äù 

Among the top holdings in Melanion‚Äôs index, which the fund will track and which is calculated by German fintech Bita, are stocks such as crypto miners Argo Blockchain and Riot Blockchain, investment management firm Galaxy Digital, led by entrepreneur Mike Novogratz, and broker Voyager Digital. Stocks are weighted based on how sensitive they are to movements in the bitcoin price. 

Ireland‚Äôs central bank last year said that it was ‚Äúcognisant of both the important opportunities and material risks associated with crypto-assets‚Äù. However, EU regulator Esma noted in March this year that ‚Äúsome crypto assets are highly risky‚Äù and that most are unregulated in the EU.  

A number of exchange-traded notes and products that track bitcoin exist, such as the $242m Wisdom Bitcoin ETP. While they are regulated as securities, they do not have the coveted Ucits wrapper. 

In the US a range of fund firms, including Cathie Wood‚Äôs Ark Invest, have unveiled plans for bitcoin ETFs, although the Securities and Exchange Commission has yet to grant approval.  

The French fund, called the Melanion BTC Equities Universe Ucits ETF, will be listed on Euronext in Paris and will charge a fee of 0.75 per cent.",0.021,0.881,0.099,0.9875
86,"If you're going to trade with Tether and have any doubts regarding the authenticity of their backing and funds, then at least set a stop loss on exchange to protect yourself if there were a run on the bank. This makes sense even if you do trust them, as it would only trigger if snapped. - I see absolutely no argument against setting a stop loss at somewhere like 95c on Tether. Even if you believe the company really are authentic, the only way the valuation ever drops to below that point is because the Tether has snapped. If that happens redemption will no longer be possible due to a run on the bank, you could form a position below if the situation changed, and your potential losses would be limited to 5%.

If the Tether were ever to snap, whether due to panic selling, a run on the bank or a rug pull, it would happen INCREDIBLY quickly. Manual sell orders would be near impossible. Consider what happened to the market price of Bitconnect, or Iron/Titan, these things happen in minutes or hours, they don't happen in days. The arbitrage walls at values like 99c would blow through in seconds, I guarantee the smart money have stop losses somewhere below the potential arbitrage points, and this is why they are comfortable trading billions in the currency despite the persistent doubts.",0.1,0.792,0.108,0.2661
87,"What free market capitalism means to me - Free markets enable us to freely pursue and produce the things we value. The beauty of this is that such pursuits ultimately result in greater value being created in the world. I don't believe that to be the case in a system that is centrally planned by a small group of people who think they know what you need or want better than you do.


I remember a couple years back I was at the market one night trying to buy some milk for my kids. I stood before the milk section and saw dozens and dozens of brands and varieties. There was whole milk, 2%, non-fat, oat milk, almond milk, soy milk, sweetened, unsweetened, half gallon bottles, full gallon cartons, and everything in between. In that moment I was struck by the sheer number of choices before me. But it wasn't just the milk. You go to the bread section, the cereal section, the alcohol section, the ice cream section, and it's all the same. Choices upon choices upon choices. Maybe there are people in the world who think less choices are better, but I'm certainly not one of them.

‚Äã
There are billions of people on this planet, and we are all different, with different tastes, different backgrounds, and different desires. But the odds are that if one person desires something, that person isn't alone. On the flip side, not any one person will share all the desires of every person on the planet, so to believe that a single entity can plan the economy and optimize for everyone's wants and needs is either willful ignorance, or hubris.


This is why free markets are so essential. They allow anyone to introduce new ideas, services, and products to the rest of the world to determine if such innovations have value or not. This is also why our money is so important. It is the tool that allows markets to work efficiently, and the more efficient our money is, the more efficient our markets can be.

‚Äã

Every moment on this planet billions of people make countless choices as they go about their day. These choices combine to act as information that shapes the direction of humanity. Now imagine if those choices were already made for us. What if there was a single authority that told us what we can or can't watch, or read, or do, or who we can or can't hang out with, or what we can or can't talk about? Some argue such rules exist for everyone's best interest, but I believe that limiting our choices only limits our progress.

‚Äã

This goes well beyond just being able to drink the exact kind of milk you like. Imagine a central planning committee trying to come up with not only the different types of milk to satisfy everyone's wants, but all the other products, services, and technologies that exists today. It's laughable at best, and the only reason we are blessed with such variety and advanced technologies is through our collective imagination and ingenuity, and only insomuch as we are free to use both.

‚Äã

But back to the importance of money and its role in all of this. Money is not only what we use to pay for goods and services, it's also what we use to measure what we value. Much like words allow us to communicate and share ideas, money acts like a kind of language of its own. It's our way of communicating to the world at large what we want more, or less of, depending on how our money is being utilized.

‚Äã

But the system can't work properly if our money doesn't work properly. Imagine if a drug company ran a clinical trial, but instead of getting accurate data their results were skewed by the government printing trillions of false positives that made it appear as if the drug was behaving as intended. Similarly, by having to use money that can be manipulated in this way, it becomes more difficult to know what we really value and what we don't. In such a system the truth is ultimately distorted and can give unfair advantages to the undeserving rather than allow the free market to reward those who contribute the most value.

‚Äã

This is what excites me about crypto. I believe that crypto is effectively a free market for money itself. Each project is in competition with one another to see what the market values most. Just as the free market has given us the best products, it can give us the best money that offers the most utility and reliability while simultaneously rewarding those with the vision and the conviction to invest in the best projects. But I hope it doesn't end there. I want to see those who gain the most wealth to make use of their newfound capital to build a better society that aligns with the very values that put them in that position to begin with.


Of all the projects out there, I personally believe that cryptocurrency offers such an opportunity. Because we are all trying to solve the right problems, with some really solid roadmaps, and some of the most talented and experienced technical teams in all of the tech world.
 

I want to witness cryptocurrency become electronic cash that allows us to transact without being limited by national borders, or high transaction fees, all while giving us the ability to securely send any amount of money across the internet in fractions of a second without the need for banks or any other central authorities.

‚Äã
**TLDR:** * I'm so passionate about crypto because I believe it can unlock the kind of future I want to see, filled with the things I value most in this world, a money that leads not to hyper-inflation but to hyper-innovation.* 

thanks all have an amazing day - sending you positive energy and **big** green dildos.",0.026,0.748,0.226,0.9997
88,"Cardano could very well be too 3/top 2 - WHEN BTC finally loses its place as #1. - Once Cardano rolls out Smart contracts it‚Äôs over. This is why institutions are loading the boat with Billions. 1.03 - 2.00 in 2 weeks. ATH are coming soon. But what can we expect in a year, 2, 3 years ? Would love to hear what you guys think.",0.023,0.849,0.128,0.827
89,"Uphold to Voyager takes longer than expected - Recently i decided to move my crypto to Voyager, i did a test and moved a couple of coins just to see and it did not deposit into Voyager from Uphold until around 4-5 days later, i was wondering if this was something to do with either the application or the cryptocurrency itself? 

I decided to move because when i got into crypto i used uphold and it did not let me pull out my crypto for 45 days, not a fun experience.",0.029,0.971,0.0,-0.4023
90,"At what point should one buy a hardware wallet or try to make one? - I‚Äôm thinking of getting a hardware wallet now to keep my crypto safe but I don‚Äôt know if I should spend 70 bucks on that or if I should instead use that seventy on crypto and buy a crypto wallet at a later time? Right now I use cash app to store Bitcoin, and trust to store my etc/bep coins along with doge. I have around 600 dollars invested and add around 70 dollars a month to crypto mainly Bitcoin?",0.0,0.931,0.069,0.787
91,Reddit Now Valued at $10 Billion Amid Ethereum Token Rewards Push - ,0.0,0.625,0.375,0.7184
92,2inch airdrop‚Ä¶super easy - ,0.0,0.508,0.492,0.4404
93,leg day never miss - ,0.0,0.735,0.265,0.1139
94,ADA BULL FLAG loaded - ,0.0,1.0,0.0,0.0
95,So Tired of The Politics - I can‚Äôt wait until all of this becomes boring to political pundits again. Just get your back room deals over with and tell me what the tax bill is already. Seeing daily posts about Ted Cruz or Nancy Pelosi in a sub about cryptocurrency is damn near blasphemy.,0.138,0.862,0.0,-0.8016
96,Did BTC golden cross just happen? - ,0.0,1.0,0.0,0.0
97,"I wonder how many times SHIB developers shake their heads daily at what their holders believe‚Ä¶. - They probably look like they have Parkinson‚Äôs or something. 

Now they‚Äôre thinking SHIB, a token with 400T in supply, will became a stable-coin, pegged to $0.01, which would mean a market cap of over $4T, or around 60% of the total value of all USD in circulation‚Ä¶.. and the subs are filled with nothing but comments expressing agreement‚Ä¶.",0.018,0.936,0.047,0.3064
98,"moon me - hello r/cryptocurrency, i am asking for your help. see, i have the official reddit app for iOS, and I am subscribed to this subreddit as well, but I do not have an option that says ""Vault"" when I go to click on my profile picture at the top left of the app. Can anybody please help me to get started with this, to set up my vault, so that I could start earning moons? Thank you, that is all.",0.0,0.832,0.168,0.9239
99,"What Is Shitcoin? - According to Wikipedia shitcoins are ‚Äúcryptocurrencies with little to no value or a digital currency that has no immediate, discernible purpose.‚Äù  

How would you better describe them and are any of the top 20 coins shitcoins in your opinion?

Give me some Reddit wisdom!

Tx",0.09,0.718,0.192,0.7906
100,Top NFT Games In 2021 - ,0.0,0.735,0.265,0.2023
101,Crypto Fraud QnA - ,0.559,0.441,0.0,-0.5859
102,"Percentage of your portfolio is in a hardware wallet? - Every day it seems that there are more services and exchanges offering competitive staking rewards and yields (BlockFi, Haru, Kraken, etc). During previous bull runs, I've been locked out of my exchange account (coughcough**coinbase**coughcough) so I got a hardware wallet to live by the *Not Your Keys Not Your Coins* mantra. I joined after the Mt. Gox days, so I've never lost coins, but not being able to sell some ETH when I needed to spooked me. On the other hand, I feel like I'm missing out not leveraging my existing holdings...

*What balance of your portfolio is staked vs set in cold storage? Why?*",0.022,0.873,0.105,0.852
103,You can Earn Crypto in Games! - ,0.0,1.0,0.0,0.0
104,Bitcoin will free you from fiat slavery‚õì - ,0.318,0.464,0.219,-0.3612
105,"Please help me understand the NFT craze - I understand that NFTs are one-of-a kind tokens that can be anything connected to a blockchain that proves the validity of its rarity‚Ä¶this creates scarcity and drives price, basic supply and demand, I get it‚Ä¶what I don‚Äôt understand is the astronomical prices of some of the dumbest stuff‚Ä¶people are paying 6 figures for NFT rocks üòê‚Ä¶under the assumption that people are buying these with the intention to later sell at a higher price, this is heavily reliant on the fact that your NFT has actual demand‚Ä¶other than being included as some of the first crypto NFTs minted, what other value does it have? Seems like a classic bubble to me but maybe I‚Äôm missing something",0.057,0.853,0.09,0.3506
106,AMD Radeon RX 6600XT Reportedly very Efficient At Ethereum Mining Its efficiency has put the card in the crosshairs of GPU miners. - ,0.0,0.79,0.21,0.6801
107,When will we have true decentralized crypto space? Whales run the show with their tether play money. - ,0.0,0.755,0.245,0.6369
108,"Have any of you ever used wyre to buy inside ledger live? - Looking for a way to buy ETH regularly, and came across wyre option in ledger live. Have any of you used it?

-how are the fees/spreads?

-what's the minimum buy?

-can you auto buy?

I'm not sure what else to write here but I don't want my post to be deleted so I am writing more words so that I can prevent such a post deletion.",0.047,0.939,0.014,-0.3867
109,"2017 Bull Market - In 2017 I worked at a Casino dealing poker to some rather wealthy individuals. They spent 8-10 hours a night discussing property, stocks and cryptocurrency, specifically BTC. I sat there for 10 hours a night, five nights a week listening to them talk about BTC and their gains and thought ""Fuck, I wish I could have got in on that"".  Worst part was on a slow night, they'd even tell the dealers about various opportunities and currencies to buy to make some money.   
After being in the market for 6 months I regret not having dipping my toes in the water back then!   
Don't be like me",0.102,0.817,0.081,-0.5577
110,"XRP from Uphold to Voyager - I am a longtime holder and silent lurker, this is my first post on here, nice 

Recently i decided to move my XRP to Voyager, i did a test and moved around 40 of them just to see and it did not deposit into Voyager from Uphold until around 4-5 days later, i was wondering if this was something to do with either the application or the cryptocurrency itself? 

Does this have something to do with the lawsuit or?",0.022,0.943,0.036,0.3094
111,Needing guids on etherscan - Can anyone help getting transactions off etherscan. I did a liquidity that is now sent to etherscan as wrapped bitcoin and Ethereum. Says use My Ether wallet.. I set that up i know what to do but coming down to the comtract filling it out on my phone is impossible to me to past all that web3 it says an kyber networks it connects to my trust wallet and metamask. Says connected on etherscan but on metamask or trust wallet says address then waiting on host or something and nothing is happening because the contract is not filled out that i cant do. Says subtract an devide -0- and all this stuff that i cant do on my phone,0.0,0.918,0.082,0.8945
112,"The best part about cyrpto - Is that its global.

We literally have a one world currency spanning across multiple countries all over the world.

Not only that, it's decentralized, has many different uses &amp; will completely transform the way we see finance over the coming decades.

Blessed to be apart of it.",0.0,0.863,0.137,0.8442
113,$HODL 20% REFLECTIONS on all transactions - ,0.0,1.0,0.0,0.0
114,"Is there a way to check moon transactions? - I was just curious to see if there is a way to check my moons transactions, similar to Etherscan. Reason being, I just want to make sure that in the future I am able to monitor the Vault without actually having to log into Reddit since my addiction to constantly checking in on my phone is enough as it is, lol. 

Thanks.",0.0,0.851,0.149,0.8625
115,‚ÄúUltra sound money‚Äù - ,0.0,1.0,0.0,0.0
116,"Unpopular opinion: Cryptopunks are not being used to launder money and are actually worth more. - Cryptopunks were the first nfts on the ethereum blockchain. And you have very big PUBLIC money buying them that refutes the money laundering bull. For example Gary V bought one for $3.7 million. I think people just don‚Äôt understand that people with money want something rare, scarce and honestly a piece of history for the blockchain. They aren‚Äôt going to drop in value and if anything are going to skyrocket in price. The cheapest one currently stands at $143,409.96. The most one has ever sold for is $7.8 million. This is just the beginning boys, I think everyone doesn‚Äôt realize how early we truly are.. only 3 million on this sub and if you go on Twitter all you see is degenerates looking to make a quick buck on shitcoins. Right now it is niche to actually think about real world use case and not just quick profit. 1 Bitcoin will always be 1  Bitcoin, it shouldn‚Äôt matter what it costs in dirty fiat. The whole goal with crypto is to replace fiat and bring power back to the people and take back our wealth that they‚Äôve been stealing over the past couple of decades.",0.049,0.883,0.068,0.3433
117,What is Aave coin - ,0.0,1.0,0.0,0.0
118,"$Fil is at 0$ on Wealthsimple!! How can I buy it, any value is giving me infinity $Fil lol - ",0.0,0.675,0.325,0.8011
119,"Can someone please ELI5 why crypto is better than traditional currency (i.e. USD)? - TLDR: I‚Äôm not new to crypto and understand what it is and how it works. Also, more importantly I‚Äôm not opposed to it and definitely interested in it‚Äôs growth. But why is it better than traditional currencies?

Everyone I have asked has not really been able to answer the benefits of it over traditional currency. Their interest and mine is mainly that it seems easier to acquire (and grow) than traditional currency at the moment.

Just a quick google search, the top hit from Investopedia.com (I know lol) gave some bullet points for the advantages of Bitcoin specifically, which tbh don‚Äôt really seem to be advantages. They were as follows:

1. User has autonomy: I can pay for stuff anonymously with cash or load a vanilla visa with cash if a card needs to be used
2. Transactions are pseudonyms: Same as above
3. Transactions are peer-to-peer: Feel like banking infrastructure would be more reliable for transfers and recovery in case of issues during transfer
4. Transactions don‚Äôt have banking fees or international fees: I don‚Äôt think I have ever incurred a bank fee. Most large banks have free wires, even internationally
5. Payments are mobile: Every reputable bank seems to have a mobile app at this point to use

Thank you for reading and interested to see the responses.",0.006,0.8,0.195,0.9935
120,Dr Jordan B Petersonü§ë - ,0.0,1.0,0.0,0.0
121,"I just bought my very first Bitcoin! - It‚Äôs so nice! It‚Äôs round and gold and has a picture of a Japanese guy on it.  The computer kids at school sold it to me. I got a real good deal, only $20k! I‚Äôm so excited! Will it help me get chicks? Should I put it in a safe deposit box or will it be safe under my pillow? Can‚Äôt wait to be a millionaire so I can be a Lanbo!",0.0,0.79,0.21,0.9621
122,"I made this simple chart to prove Holding is better than selling low in most cases. - ###Person A

*Initial Investment - $2000*

###Person B

*Initial Investment - $2000*



- Both bought Xcoin.


- It's potential is 100x

- X Coin dips 50%

- Person A Sells

- Person B Holds

###Person A's Max potential: 

- Saved himself from losing $1000
- Worst Scenario: Down $1000

That's his final, and max potential out of the investment.  He sold it all.

###Person B's MaX Potential:

- $200,000 
- Worst Case: Down $2000. 



Person A has no potential past $1000 saved

Person B's worst case is only losing $1000 more than Person A.  

There will be no difference in life quality between Person A or Person B.  

Person B has massive potential..

$1000 extra lost is only a minor set back in life for most people.  Maybe have to wait s couple more months for a new Iphone.  Big deal. 

You're better off holding.",0.141,0.798,0.061,-0.9313
123,Nancy Pelosi Urged to Amend 'Harmful' Cryptocurrency Provision in Infrastructure Bill - ,0.0,1.0,0.0,0.0
124,"Who‚Äôs willing to start working from home and get paid up to $10,868 in 24 hours No scam. Ask me how‚ùì‚ùì‚ùì‚ùì‚ùì‚ùì‚ùì‚ùì‚ùì‚ùìClick on the link &amp; join For more info:üëáüèøüëáüèøüëáüèøüëáüèøüëáüèøhttps://t.me/joinchat/p-zZwdRvjbxjYmY0 - ",0.0,0.941,0.059,0.6367
125,Members of Congress lobby Nancy Pelosi and others to amend crypto tax definition - ,0.0,0.922,0.078,0.0258
126,ADA BACK OVER 2 next price is 2.50 - ,0.0,1.0,0.0,0.0
127,"Guy that doesn't care about Coin Bureau Here - AMA! - Hi Crypto Community,

I am the Guy that doesn't give two shits about the guy from Coin Bureau's YouTube channel - a short time Farmer of this sub!

Today I am answering all of your shit-comments under this shit-post. Be it about Crypto, the Farm or me.

So, ask me anything!

AMA: RN or never! Going to sleep in a few hrs...",0.049,0.918,0.033,-0.3054
128,"It's easy to get caught up in the money, but don't forget WHY crypto is important. - Cryptocurrency is owned by everyone. Fiat is now represented as debt. If I have one British Pound, I basically have an ""IOU"" that I can claim only in Britain. Cryptocurrency represents it's self and it's value is determined by what someone is willing to pay for it. It's not subject to a countries political issues. 

Thanks to the blockchain it's practically impossible to forge a BTC or any other cryptocurrency. 

Cryptocurrency is generally more private than traditional banking. There are many wallet with millions and millions of dollars in them, and no one in the world knows who they belong to, except the owner of the wallet. Some coins like Monero go even deeper. 

Crypto security grows over time. A hacker would need to control 51% of all the coins on that blockchain. Which is ridiculous to do, and even if a hacker somehow did that, why would they hurt themselves by attacking the network that they own 51% of? They wouldn't. 

We're still in the early days of crypto but as blockchain tech continues to grow and work it's way towards the mainstream. It's only a matter of time until crypto will be apart of everyone's finance portfolio.",0.079,0.812,0.109,0.654
129,Masses are waking up. Centralization is becoming a real concern in modern world. - ,0.0,1.0,0.0,0.0
130,Cardano on pace to become a TOP 3 COIN!! - ,0.0,0.743,0.257,0.4796
131,‚ÄòWhite hat‚Äô hacker behind $610m crypto heist returns most of money - ,0.0,1.0,0.0,0.0
132,Invest in crypto? - We are just in the beginning of something new if a small amount of the money in the world goes in crypto? That is happening now its the beginning. Choose the ones whit a company behind it and wait 5/10 years. Look at: https://www.visualcapitalist.com/all-of-the-worlds-money-and-markets-in-one-visualization-2020/,0.0,1.0,0.0,0.0
133,"Inside Cuba‚Äôs Bitcoin Revolution | Bitcoin Magazine: Bitcoin News, Articles, Charts, and Guides - ",0.0,1.0,0.0,0.0
134,"On the recent POLY hack. - Hello all, I'm a Cybersecurity Consultant who focuses on Digital Forensics and OSINT (Open Source Intelligence).


I know this situation is highly controversial, and thought people might find it interesting to hear about the perspective of someone involved in the field.


To start off, the term ""hacking"" is completely neutral. Hacking isn't illegal on its own, just as going into a house isn't illegal - what makes it illegal is when you're entering someone else's ""house"", without their permission. A good example of completely legal hacking is bug bounties: companies set up responsible disclosure programs (usually through platforms like intigriti or hackerone) which specify the assets you can test and what vulnerabilities you can test for.


Also, I'd like to make it clear that I **do not** advocate for blackhat testing of production/public assets Especially when it involves the assets of so many consumers. This is extremely irresponsible and nothing he does will change this fact.


*However.*


There *is* something to be said here about ignorant security architects and engineers. Despite being told repeatedly (allegedly) about critical vulnerabilities in the network, there was no true acknowledgement on the security team's part concerning the sheer amount of users who could be - and were - affected. 


This ignorance has led to the downfall of many companies' reputations. Equifax? Their IT team didn't feel like patching a critical vulnerability in Apache Struts, after being contacted by Gov't organizations 4. Separate. Times. This eventually led to the infamous data breach in 2017 that made Eauifax a laughing stock and case study in how not to run your information security team. 


Target? Shoddy configuration of their network led to the compromise of every POS system in stores that use Fazio AC units. Something as simple as *not running your POS systems on the same network as IoT machines that can be remotely accessed to manipulate devices on the same subnet* never crossed the minds of anyone in a governance or compliance position.


A very common factor between major integrity breaches is this: A loud minority of security engineers are a combination of incompetent, unreceptive to criticism, or unwilling to act on issues that *might* be a problem in favor of patching it when it becomes more ""important"" to management. 


/end rant


Regardless of why the security team didn't feel as if this were a major enough issue to triage immediately, it's obvious at this point what could have happened if a more malicious actor had exploited this vulnerability first. Forget giving anything back, nobody would see a dime and it'd likely all be unrecoverable. I'm not saying that what this guy did was a great thing, but it seems like he's making good on his promises to return the coins he took and was legitimately doing this to attract enough attention to keep this from happening in the future. 


Again, I'm not condoning what happened, but this could have been infinitely worse if the attacker wasn't as morally grounded. 



Tl;dr - hacker is irresponsible but imo is trying to bring light to an extremely important issue in cybersecurity (negligence of reported bugs/vulnerabilities), and is trying to prevent much larger losses in the future.",0.085,0.813,0.102,0.7003
135,Commentary: Defusing the crypto broker bomb in the infrastructure bill - ,0.242,0.758,0.0,-0.4939
